,name,prob
0,MARIA,0.030483572048435
1,JOSE,0.024695790088181
2,LUIS,0.0140515116387242
3,JUAN,0.0134351322452761
4,CARLOS,0.0130335716849603
5,ANA,0.009364847400139
6,JORGE,0.0090096430372622
7,CARMEN,0.008244871134512
8,DANIEL,0.006214153621699
9,MIGUEL,0.0058715918581239
10,ANGEL,0.0054614448657824
11,JESSICA,0.0049413072595174
12,PEDRO,0.0048108250992259
13,ROSA,0.0048082439018685
14,MANUEL,0.0047634153518451
15,FRANCISCO,0.004759833282043
16,RAFAEL,0.0047092102073396
17,ROBERTO,0.0045828368918211
18,HECTOR,0.0044980261215065
19,VICTOR,0.0043275617409238
20,JESUS,0.0040904603265225
21,LUZ,0.0040331998871858
22,RICARDO,0.0038231220287916
23,JULIO,0.0038178542790826
24,MARTHA,0.0036154673352635
25,DIANA,0.0035596818658453
26,EDUARDO,0.0035196469680571
27,JONATHAN,0.0035032642664621
28,ANTONIO,0.0034307273529694
29,ALEJANDRO,0.0033404908004545
30,GLORIA,0.0033363819556815
31,STEPHANIE,0.0032371902286614
32,JAVIER,0.0030896932368098
33,MARIO,0.0030729944702324
34,OSCAR,0.0030306417625721
35,CHRISTIAN,0.0029476220271586
36,RAMON,0.0029323455530025
37,ALEXANDER,0.0029023193796613
38,CLAUDIA,0.0029011604747253
39,OLGA,0.0028573327971466
40,FERNANDO,0.0028321002760406
41,RAUL,0.002825884331384
42,ANDRES,0.002783689656215
43,VANESSA,0.0027642516597889
44,ALBERTO,0.0026981940784382
45,MONICA,0.0026151743430246
46,GABRIEL,0.0025386339397531
47,EDWIN,0.0025277823753526
48,SONIA,0.002456457044293
49,MARGARITA,0.0022507514181572
50,GLADYS,0.002237160623908
51,ISABEL,0.0022247287345948
52,ANDREA,0.0022195136623829
53,MIRIAM,0.002190857103966
54,ADRIANA,0.0021255370075747
55,JAIME,0.002100515196457
56,LOURDES,0.0020973018691345
57,MERCEDES,0.0020837110748853
58,NORMA,0.0020775478077258
59,CESAR,0.0020674337282846
60,YOLANDA,0.0020524733191111
61,FELIX,0.0020421485296815
62,NELSON,0.0020279782829643
63,VERONICA,0.0020158097811365
64,ORLANDO,0.0019888915801236
65,BLANCA,0.0019780926932202
66,EVELYN,0.0019737204609618
67,ENRIQUE,0.0019573904368639
68,SERGIO,0.0019353712430804
69,ARMANDO,0.0019249410986566
70,NICOLE,0.001908189654582
71,MARTA,0.0019008148049894
72,RUBEN,0.0018990237700884
73,PABLO,0.0018953890227892
74,ALEXIS,0.00189175427549
75,GUILLERMO,0.0017918250635106
76,CRISTINA,0.0017713335171426
77,GABRIELA,0.0017651702499831
78,VICTORIA,0.001757479335408
79,MAYRA,0.0017391475664207
80,JUANA,0.0017369877890401
81,ALFREDO,0.0017228175423229
82,GUSTAVO,0.0017212372174102
83,CAROLINA,0.0017171810501343
84,MARITZA,0.0016893146541738
85,ALEXANDRA,0.0016742488900061
86,IVAN,0.0016572340584461
87,ALICIA,0.0016481735289466
88,SILVIA,0.0016471726565019
89,OMAR,0.0016236258153027
90,JOEL,0.0016121421209372
91,ERNESTO,0.0016072431137078
92,BEATRIZ,0.001590965767107
93,IRIS,0.0015520370967577
94,EDGAR,0.0015261724456866
95,JULIA,0.0014749172410181
96,RAQUEL,0.0014643817416002
97,ANGELICA,0.0014505275598656
98,ALEX,0.0014274548161402
99,AIDA,0.0014147595393416
100,DIEGO,0.001400958035104
101,NATALIE,0.0013872092083636
102,ADRIAN,0.0013631882696906
103,HILDA,0.0013501769279094
104,RENE,0.0013409583659187
105,KARLA,0.0013290005740793
106,RUTH,0.0013279997016346
107,MARISOL,0.0012828550866286
108,MILAGROS,0.001266630417525
109,ROLANDO,0.0012634170902025
110,ERIKA,0.0012598350204004
111,MARIBEL,0.0012289660071057
112,KARINA,0.0012242777098647
113,GERARDO,0.0012166921502838
114,DAISY,0.0012132154354759
115,MARCOS,0.0011974121863489
116,IRMA,0.0011957791839391
117,ELSA,0.0011805553872802
118,ESTHER,0.0011750769275828
119,WILFREDO,0.0011645414281649
120,CARIDAD,0.001158746903485
121,MARCO,0.0011514774088866
122,LUISA,0.0011459462716921
123,LEONARDO,0.0011291421501205
124,ELENA,0.0011251386603417
125,CECILIA,0.0011082818612729
126,LAZARO,0.001093110742111
127,MARTIN,0.0010874215724253
128,VIVIAN,0.0010871581849399
129,CLARA,0.0010775708804695
130,NATALIA,0.0010758852005627
131,DANIELA,0.00107430487565
132,YESENIA,0.0010678255435079
133,LILIANA,0.0010662978960923
134,GILBERTO,0.0010558677516685
135,PAOLA,0.0010494410970236
136,ALEJANDRA,0.001035007462821
137,JULIAN,0.0010077731968255
138,SUSANA,0.0010030848995845
139,ARTURO,0.000982962095696259
140,RODOLFO,0.0009789586059174315
141,TANIA,0.0009788532509232522
142,FELIPE,0.0009739542436938978
143,LYDIA,0.0009628392918079432
144,ISRAEL,0.0009574661871047804
145,SANTIAGO,0.000940767420527304
146,ADA,0.0009265971738101392
147,SEBASTIAN,0.0009265444963130492
148,ALVARO,0.0009196437441942812
149,JOSUE,0.0009176946768019576
150,HUMBERTO,0.0008997843277914148
151,NICOLAS,0.0008921460907133892
152,MARLENE,0.0008812945263128839
153,HUGO,0.0008758160666155414
154,ARIEL,0.0008755000016330024
155,ERICK,0.0008750785816562837
156,EMILIO,0.0008602762049740411
157,ISMAEL,0.0008537441953349019
158,MAURICIO,0.0008482657356375594
159,ILEANA,0.0008469487982103136
160,IVETTE,0.0008396793036119168
161,ALBA,0.0008357811688272693
162,GUADALUPE,0.0008350436838680116
163,LETICIA,0.0008331999714698676
164,TOMAS,0.0008313562590717235
165,LUCIA,0.0008282482867434233
166,CRISTIAN,0.0008266679618307285
167,JOSEFINA,0.0008262465418540098
168,REINALDO,0.000820557372168308
169,TATIANA,0.0008162378174069418
170,MIGDALIA,0.0007831036717374376
171,EVA,0.0007772564695604663
172,EFRAIN,0.0007748859821914239
173,LORENA,0.0007694601999911712
174,CARLA,0.000767353100107578
175,JOHANNA,0.0007637710303054694
176,DORA,0.0007611898329480677
177,MARIANA,0.000746071391283286
178,OSVALDO,0.0007431214514462554
179,BIANCA,0.0007372742492692841
180,XIOMARA,0.0007313743695952229
181,SOFIA,0.000725105747441533
182,INGRID,0.0007157818304566328
183,DAMARIS,0.0007133059880934107
184,LIDIA,0.0007087757233436851
185,ALMA,0.0007084596583611461
186,GRACIELA,0.0007081435933786072
187,NESTOR,0.0006993991288616951
188,LILLIAN,0.0006953956390828679
189,NOEMI,0.0006932358617021848
190,LISSETTE,0.0006789075824937506
191,GERMAN,0.0006705845379535572
192,NORA,0.0006683720830757843
193,IRENE,0.0006683194055786944
194,MARINA,0.0006661596281980113
195,NOEL,0.0006657908857183825
196,ALFONSO,0.0006642632383027774
197,EMMANUEL,0.0006627882683842621
198,EDGARDO,0.0006591008435879739
199,NILDA,0.0006543071913527992
200,PRISCILLA,0.0006538857713760805
201,ESTEBAN,0.0006520947364750262
202,ROSARIO,0.0006483019566845584
203,SALVADOR,0.0006429288519813956
204,ELBA,0.0006410851395832514
205,ESPERANZA,0.0006388200072083887
206,VILMA,0.0006308657051478241
207,IVONNE,0.0006279684428078834
208,ALINA,0.0006277050553224342
209,GIOVANNI,0.0006269675703631766
210,ELISA,0.0006247551154854036
211,FRANCISCA,0.0006229640805843494
212,MOISES,0.0006191186232967917
213,MARIELA,0.0006102161262886101
214,EDITH,0.000603368051666932
215,VIVIANA,0.0005942021671733013
216,MADELINE,0.0005917790023071691
217,GISELLE,0.0005915156148217198
218,YVETTE,0.0005885656749846893
219,JOAQUIN,0.0005860898326214672
220,NELLY,0.000584614862702952
221,MYRIAM,0.0005821390203397299
222,REYNALDO,0.0005818229553571908
223,DELIA,0.0005813488578833824
224,DOLORES,0.0005789256930172501
225,RAMONA,0.0005629117339019413
226,GEORGINA,0.0005627537014106718
227,RODRIGO,0.0005595930515852819
228,MAGALY,0.0005549047543442868
229,INES,0.000554536011864658
230,CATALINA,0.0005539038818995801
231,LINA,0.0005533244294315919
232,YADIRA,0.0005518494595130767
233,FLOR,0.0005517967820159868
234,ANTONIA,0.000551744104518897
235,FREDDY,0.0005491629071614952
236,DULCE,0.0005429996400019848
237,ROCIO,0.0005412612825980204
238,HERIBERTO,0.0005399443451707747
239,VALERIA,0.0005396809576853255
240,REBECA,0.0005372577928191932
241,ERIK,0.0005322534305956592
242,ABEL,0.0005306204281858744
243,HAYDEE,0.0005192420888144708
244,SANTOS,0.0005189787013290217
245,GENESIS,0.0005187153138435724
246,ZOILA,0.0005165028589657996
247,ABRAHAM,0.0005164501814687097
248,AGUSTIN,0.0005120779492102537
249,DOMINGO,0.0005041763246467789
250,CONSUELO,0.0004991192849261551
251,JAIRO,0.00049759163751055
252,MARCELA,0.0004954845376269568
253,VICENTE,0.0004940622452055313
254,GABRIELLA,0.0004939042127142618
255,MIRTA,0.0004907962403859617
256,ISABELLA,0.0004896373354499854
257,ROXANA,0.0004833687132962954
258,ROGELIO,0.00048278926082830726
259,ADOLFO,0.0004811035809214327
260,LUCY,0.0004804187734592649
261,CELIA,0.0004787857710494801
262,AMPARO,0.0004750456687561021
263,AURORA,0.0004743081837968444
264,GONZALO,0.00047409747380848505
265,LEONOR,0.0004723064389074308
266,WILSON,0.0004720430514219816
267,JULIANA,0.0004687243691053222
268,GISELA,0.0004665645917246391
269,IGNACIO,0.0004618236169865543
270,ZORAIDA,0.0004575567397222779
271,ESMERALDA,0.0004552389298503253
272,ELIAS,0.0004540273474172592
273,RAMIRO,0.0004522363125162049
274,MYRNA,0.0004512354400714981
275,FABIAN,0.0004444400429469098
276,LILIA,0.0004422802655662268
277,SAUL,0.0004362750308979859
278,LEONEL,0.0004327456385929672
279,JEANNETTE,0.0004317974436453502
280,AMELIA,0.0004247386590353128
281,JOANNA,0.00042221013917500085
282,MINERVA,0.00041457190209697527
283,BERNARDO,0.0004132549646697295
284,ODALYS,0.0004131496096755498
285,RIGOBERTO,0.0004131496096755498
286,ELVIRA,0.0004060908250655124
287,FABIOLA,0.0004025614327604936
288,MAGDALENA,0.0003957660356359053
289,OFELIA,0.0003939750007348511
290,REINA,0.0003938169682435816
291,AURA,0.0003927107408046952
292,HERNAN,0.0003919205783483477
293,NEREIDA,0.0003870215711189933
294,ANGELINA,0.0003845457287557712
295,ARNALDO,0.0003828600488488966
296,JOSEFA,0.0003819118539012796
297,ANIBAL,0.0003813850789303813
298,CAMILO,0.00038106901394784233
299,MARCELO,0.00037827710660208127
300,MABEL,0.0003757485867417693
301,JULISSA,0.0003751691342737812
302,ILIANA,0.0003746950367999727
303,NATHALIE,0.0003743262943203439
304,IVELISSE,0.0003721665169396608
305,EUGENIO,0.00036947996458807936
306,EMILIA,0.0003657925397917912
307,PILAR,0.0003654237973121624
308,ARIANA,0.0003630006324460301
309,MIRTHA,0.0003621577924925928
310,CAMILA,0.0003604194350886283
311,MIRNA,0.0003597346276264605
312,JASMIN,0.000359260530152652
313,GILBERT,0.0003547302654029265
314,CONCEPCION,0.00035330797298150106
315,BERTA,0.0003522017455426146
316,MAGDA,0.00034940983819685347
317,ESTELA,0.0003485143207463263
318,EDDY,0.00034804022327251786
319,MIREYA,0.0003477768357870688
320,LIZBETH,0.00034640722086273307
321,NIDIA,0.00034466886345876864
322,FANNY,0.00034419476598496017
323,ADELA,0.00034366799101406186
324,ANGIE,0.0003424564085809957
325,YANET,0.0003412975036450194
326,ZENAIDA,0.00034034930869740243
327,FEDERICO,0.00034003324371486345
328,JAZMIN,0.0003385055962992584
329,BELKIS,0.0003376100788487312
330,LISETTE,0.0003369779488836532
331,EMANUEL,0.00033650385140984474
332,NORBERTO,0.0003360297539360362
333,LILIAN,0.0003353449464738684
334,LIGIA,0.0003351342364855091
335,NYDIA,0.0003302352292561548
336,DALIA,0.00032986648677652594
337,VALENTINA,0.0003286549043434598
338,KENIA,0.0003224916371839495
339,ALEXA,0.00032233360469268
340,CARMELO,0.00032159611973342234
341,DANIA,0.0003196997298381884
342,DAMIAN,0.0003162756925273493
343,CLAUDIO,0.0003146953676146544
344,OCTAVIO,0.0003145373351233849
345,ALAIN,0.0003136418176728578
346,GREGORIO,0.0003131677201990493
347,ALDO,0.00031195613776598314
348,ZAIDA,0.00030394915820832873
349,MARICELA,0.00029978763593823207
350,MANUELA,0.00029978763593823207
351,AILEEN,0.0002983653435168066
352,ADALBERTO,0.0002968903735982913
353,REYNA,0.0002959948561477642
354,FIDEL,0.0002959421786506743
355,LIZ,0.0002955734361710455
356,LUCAS,0.00029462524122342857
357,ALEIDA,0.0002917279788834878
358,CRUZ,0.00029072710643878103
359,MATILDE,0.0002880932315842894
360,NELIDA,0.0002865655841686843
361,ELSIE,0.000286038809197786
362,YARITZA,0.00028582809920942666
363,YASMIN,0.00028487990426180967
364,LIZETTE,0.00028377367682292325
365,MARIANO,0.0002830888693607554
366,MARISELA,0.0002814031894538808
367,ANABEL,0.00028108712447134183
368,SASHA,0.00028050767200335367
369,FABIO,0.0002793487670673
370,DAYANA,0.0002770836346925146
371,JACKELINE,0.00027703095719542475
372,CANDIDA,0.0002762934722361671
373,ESTRELLA,0.00027581937476235863
374,ANGELO,0.00027455511483220267
375,ALONDRA,0.00026902397763777034
376,PERLA,0.00026786507270179407
377,NOELIA,0.0002677070402105246
378,ELVIS,0.00026749633022216525
379,AMALIA,0.00026507316535603296
380,AWILDA,0.0002633874854491584
381,ASTRID,0.0002627553554840804
382,DANIELLA,0.00026222858051318205
383,ELIA,0.0002583831232256244
384,ALTAGRACIA,0.0002560126358565819
385,ELIEZER,0.0002560126358565819
386,LISANDRA,0.0002542742784526175
387,AUGUSTO,0.0002527466310370124
388,YANIRA,0.00025206182357484454
389,LIZA,0.0002511663061243174
390,BENITO,0.00024984936869707164
391,JANETTE,0.00024953330371453266
392,NILSA,0.0002492699162290835
393,KASSANDRA,0.000249111883737814
394,ELIANA,0.00024805833379601736
395,BETSY,0.00024790030130474787
396,ELVIA,0.00024521374895316645
397,DIGNA,0.00024458161898808844
398,ARACELI,0.0002443709089997292
399,KATIA,0.0002440021665201003
400,FELICITA,0.00024078883919762057
401,NIURKA,0.00024063080670635108
402,VIOLETA,0.00024005135423836287
403,HIRAM,0.00023857638431984765
404,MARISA,0.00023789157685767985
405,MARLEN,0.00023694338191006288
406,DARIO,0.0002368380269158832
407,ELVIN,0.00023588983196826623
408,LILLIAM,0.0002353103795002781
409,RAFAELA,0.00023378273208467297
410,ZULMA,0.00023362469959340348
411,YAHAIRA,0.00023351934459922384
412,GIOVANNA,0.00023288721463414583
413,MAXIMO,0.000232518472154517
414,DENISSE,0.00023236043966324752
415,NUBIA,0.0002320970521777984
416,EUGENIA,0.00023193901968652885
417,SELENA,0.00023188634218943905
418,PAULINA,0.00023157027720690005
419,EZEQUIEL,0.00023114885723018135
420,LAZARA,0.0002306747597563729
421,AXEL,0.00023009530728838477
422,JESSENIA,0.00022877836986113896
423,LUCILA,0.00022788285241061185
424,JOHANA,0.00022788285241061185
425,YESSENIA,0.00022714536745135417
426,ROSALBA,0.00022672394747463552
427,GRISELDA,0.0002247222025852219
428,MELBA,0.0002233525876608863
429,GRISEL,0.0002223517152161795
430,LEANDRO,0.00021898035540243027
431,MARIANELA,0.00021745270798682515
432,ADELAIDA,0.00021676790052465732
433,ULISES,0.0002145554456468844
434,MICHEL,0.00021429205816143524
435,SANTA,0.0002141867031672556
436,ISIS,0.00021413402567016572
437,RUDY,0.00021244834576329116
438,CRISTOBAL,0.0002097091159146199
439,JUSTO,0.00020960376092044023
440,GILDA,0.00020949840592626056
441,KEILA,0.0002087609209670029
442,CELESTE,0.00020833950099028424
443,NOE,0.0002069172085688588
444,SILVIO,0.0002057056261357927
445,ORESTES,0.0002052315286619842
446,AURELIO,0.00020428333371436724
447,ENEIDA,0.00020333513876675025
448,ISIDRO,0.00020328246126966043
449,ARIANNA,0.0002029137187900316
450,HORTENSIA,0.0002023869438191333
451,ARACELIS,0.00020133339387733664
452,IRAIDA,0.0002012807163802468
453,OSWALDO,0.0002012807163802468
454,YAMILE,0.0002005432314209892
455,ENID,0.00020022716643845016
456,ELIO,0.0001999111014559112
457,ANAMARIA,0.00019838345404030609
458,STEPHANY,0.0001979093565664976
459,HEIDY,0.00019764596908104844
460,MARCELINO,0.0001975932915839586
461,MIRIAN,0.0001972245491043298
462,MISAEL,0.0001950120942265569
463,HERNANDO,0.0001942746092672992
464,HORACIO,0.0001937478342964009
465,SARAI,0.0001937478342964009
466,ROMAN,0.0001932737368225924
467,DENIS,0.00019322105932550256
468,BRUNILDA,0.0001922728643778856
469,AMERICA,0.0001920621543895263
470,GIANCARLO,0.00019185144440116692
471,YAJAIRA,0.0001907452169622805
472,AUREA,0.00019021844199138216
473,ESTEFANIA,0.00018963898952339405
474,ELIDA,0.00018779527712524995
475,MAIRA,0.0001862676297096448
476,ADAN,0.00018373910984933287
477,GUILLERMINA,0.00018358107735806336
478,CLARIBEL,0.00018315965738134477
479,YAZMIN,0.0001828435923988057
480,MAGALI,0.00018157933246864977
481,FREDY,0.0001813159449832006
482,ROSALIA,0.00017920884509960736
483,IDALIA,0.0001791561676025175
484,FAUSTO,0.00017852403763743955
485,CRISTAL,0.00017715442271310392
486,THALIA,0.00017689103522765476
487,EMELY,0.00017683835773056491
488,AMARILIS,0.00017668032523929545
489,NIEVES,0.00017557409780040898
490,ARACELY,0.00017304557794009705
491,MAYDA,0.00017251880296919873
492,CARINA,0.00017188667300412075
493,HERMINIA,0.00017141257553031226
494,YAMIL,0.0001709384780565038
495,ANAIS,0.00017051705807978512
496,GISSELLE,0.00017035902558851563
497,OMAYRA,0.00017020099309724614
498,SORAYA,0.00017009563810306647
499,YAMILET,0.000169305475646719
500,VLADIMIR,0.00016925279814962918
501,DINA,0.0001688313781729105
502,EVELIO,0.00016872602317873084
503,WALESKA,0.00016825192570492237
504,MADELYN,0.00016788318322529354
505,JOSELYN,0.00016667160079222743
506,JANETH,0.00016661892329513758
507,CELINA,0.00016619750331841893
508,EVANGELINA,0.00016319488598429854
509,DAYSI,0.00016277346600757986
510,FRANCESCA,0.0001619833035512324
511,LESLY,0.00016156188357451377
512,AMADO,0.0001606663661239866
513,ISAIAS,0.0001603503011414476
514,ELDA,0.00015924407370256115
515,SOCORRO,0.00015861194373748317
516,ODALIS,0.000158032491269495
517,XIMENA,0.00015787445877822552
518,ROSAURA,0.00015776910378404585
519,LISBETH,0.00015776910378404585
520,LEIDY,0.0001573476838073272
521,NERY,0.00015713697381896787
522,ELISEO,0.0001566628763451594
523,LEOPOLDO,0.0001565575213509797
524,NATALY,0.00015629413386553058
525,BRUNO,0.0001561361013742611
526,WILMER,0.00015582003639172208
527,PETRA,0.00015576735889463226
528,CINTHIA,0.00015487184144410512
529,ELOY,0.00015439774397029663
530,SOL,0.0001540290014906678
531,JESENIA,0.00015387096899939831
532,IDANIA,0.00015366025901103898
533,FERMIN,0.00015192190160707455
534,ARELIS,0.00015192190160707455
535,RAPHAEL,0.0001509737066594576
536,JOHAN,0.00015071031917400843
537,MATEO,0.0001493407042496728
538,KEYLA,0.0001488666067758643
539,SILVANA,0.00014844518679914566
540,LIANA,0.00014844518679914566
541,NATIVIDAD,0.00014844518679914566
542,MELISA,0.00014776037933697785
543,JANNETTE,0.00014739163685734903
544,ELOISA,0.00014739163685734903
545,ELMER,0.00014712824937189987
546,REGLA,0.00014697021688063038
547,CANDIDO,0.0001468121843893609
548,DINORAH,0.00014618005442428288
549,VALENTIN,0.00014512650448248623
550,ELVA,0.00014433634202613878
551,FRANCHESKA,0.00014365153456397098
552,MARIEL,0.0001432301145872523
553,LUCIANO,0.000143019404598893
554,REY,0.00014296672710180315
555,MARTINA,0.0001428613721076235
556,AMARILYS,0.0001415444346803777
557,KRISTIAN,0.00014128104719492854
558,NEFTALI,0.00014096498221238956
559,IRVING,0.00014059623973276074
560,AIXA,0.00014059623973276074
561,AMAURY,0.00014006946476186242
562,ABELARDO,0.00013964804478514378
563,MARA,0.00013959536728805393
564,ROSANA,0.00013949001229387426
565,MODESTO,0.00013938465729969462
566,BETZAIDA,0.0001392266248084251
567,FERNANDA,0.00013912126981424546
568,MAURA,0.0001386998498375268
569,PATRICIO,0.00013864717234043697
570,YOEL,0.00013833110735789796
571,OTTO,0.00013780433238699965
572,ALESSANDRA,0.00013769897739281998
573,ROSANNA,0.00013748826740446067
574,MAITE,0.00013611865248012504
575,JAQUELINE,0.00013564455500631657
576,LUCRECIA,0.00013548652251504706
577,URIEL,0.0001353811675208674
578,EFREN,0.00013285264766055548
579,ALEJANDRINA,0.00013253658267801648
580,ADELINA,0.00013200980770711816
581,ERNESTINA,0.00013185177521584868
582,YAMILA,0.0001310616127595012
583,NITZA,0.00013032412780024355
584,ELADIO,0.00013021877280606389
585,GENARO,0.0001300607403147944
586,HERMINIO,0.0001298500303264351
587,SIXTO,0.00012948128784680626
588,DALILA,0.0001292179003613571
589,ZOE,0.00012884915788172828
590,EULALIA,0.00012784828543702147
591,TOMASA,0.00012668938050104515
592,MIGUELINA,0.00012568850805633837
593,JHON,0.00012510905558835023
594,MAYELIN,0.00012505637809126038
595,MILAGRO,0.00012416086064073324
596,ADRIANNA,0.0001237394406640146
597,BRAULIO,0.00012342337568147562
598,EDMUNDO,0.00012310731069893662
599,PIEDAD,0.00012284392321348746
600,JUANCARLOS,0.0001218957282658705
601,ZULEMA,0.0001218957282658705
602,MAYTE,0.00012179037327169084
603,ABNER,0.00012163234078042131
604,MERCY,0.00012163234078042131
605,ELI,0.00012147430828915184
606,BORIS,0.000121105565809523
607,MILENA,0.00012100021081534336
608,CORINA,0.00012094753331825352
609,MAURO,0.00012084217832407386
610,ROSSANA,0.00012063146833571452
611,YESSICA,0.00012047343584444504
612,EDISON,0.00012026272585608572
613,EVELIN,0.00011989398337645688
614,PAULO,0.00011936720840555855
615,LISSET,0.00011894578842883992
616,FRANCIA,0.00011878775593757042
617,GLADIS,0.00011868240094339077
618,GENOVEVA,0.00011852436845212126
619,PRISCILA,0.0001184190134579416
620,GUIDO,0.00011820830346958229
621,DUNIA,0.00011810294847540262
622,AMADA,0.00011783956098995345
623,DAGOBERTO,0.00011704939853360596
624,ANDREINA,0.00011704939853360596
625,DOMINGA,0.00011646994606561784
626,YASHIRA,0.00011646994606561784
627,FRANCO,0.0001157324611063602
628,MATIAS,0.0001154163961238212
629,JACINTO,0.00011520568613546188
630,LUCERO,0.00011462623366747373
631,BELEN,0.00011462623366747373
632,SHEYLA,0.00011436284618202456
633,HELENA,0.00011304590875477876
634,VIRGEN,0.00011272984377223978
635,MARISEL,0.00011257181128097028
636,BIENVENIDO,0.00011251913378388046
637,RAMONITA,0.00011236110129261095
638,EUSEBIO,0.00011204503631007196
639,MIRELLA,0.00011193968131589232
640,LIBIA,0.00011188700381880247
641,MORAIMA,0.00011172897132753298
642,YAIMA,0.00011162361633335332
643,MADELIN,0.00011157093883626348
644,NATHALIA,0.0001114655838420838
645,VANESA,0.00011120219635663466
646,ZULEIKA,0.00011114951885954484
647,ROXANNA,0.000111096841362455
648,SOLEDAD,0.00011083345387700585
649,GIOVANNY,0.000110780776379916
650,PASCUAL,0.00011072809888282618
651,PORFIRIO,0.0001104120339002872
652,JENIFFER,0.00011020132391192786
653,MARLENY,0.00010999061392356854
654,MONSERRATE,0.0001099379364264787
655,ONEIDA,0.00010972722643811936
656,ABDIEL,0.00010956919394684988
657,EDGARD,0.00010951651644976005
658,LOIDA,0.0001087790314905024
659,BELKYS,0.00010856832150214309
660,HIPOLITO,0.0001082522565196041
661,BENIGNO,0.0001080942240283346
662,MERY,0.0001079361915370651
663,GERALDO,0.00010730406157198712
664,RADAMES,0.00010730406157198712
665,AGUSTINA,0.00010698799658944812
666,ALONSO,0.00010682996409817864
667,KEISHLA,0.00010651389911563964
668,NATHALY,0.00010646122161854982
669,GRECIA,0.00010551302667093284
670,JUSTINA,0.000105460349173843
671,ALIDA,0.00010530231668257352
672,MIRYAM,0.00010509160669421418
673,GEMA,0.0001047755417116752
674,MICAELA,0.00010451215422622603
675,FLAVIA,0.0001044594767291362
676,MAYLIN,0.0001044594767291362
677,DAMARYS,0.00010424876674077688
678,MARCIAL,0.00010393270175823788
679,ROSENDO,0.00010382734676405824
680,ELLIOT,0.00010351128178151924
681,YURI,0.00010298450681062092
682,TRINIDAD,0.00010266844182808192
683,FAUSTINO,0.00010266844182808192
684,BERENICE,0.00010240505434263278
685,AMBAR,0.00010224702185136327
686,ARSENIO,0.0001020889893600938
687,RAISA,0.00010193095686882428
688,HILARIO,0.00010172024688046496
689,RAYMUNDO,0.00010119347190956665
690,CECILIO,0.00010108811691538698
691,MELINA,0.00010040330945321916
692,GRISELLE,0.00010008724447068018
693,ANGELES,9.982385698523104e-05
694,CELSO,9.966582449396152e-05
695,ELSY,9.961314699687168e-05
696,BIBIANA,9.956046949978188e-05
697,ERASMO,9.940243700851237e-05
698,YANELIS,9.924440451724288e-05
699,LIZETH,9.882298454052422e-05
700,ARELYS,9.882298454052422e-05
701,DEISY,9.871762954634456e-05
702,IBIS,9.855959705507506e-05
703,GERSON,9.82962095696259e-05
704,TEODORO,9.81381770783564e-05
705,DARWIN,9.803282208417676e-05
706,NURY,9.771675710163776e-05
707,MASSIEL,9.761140210745807e-05
708,LESBIA,9.734801462200892e-05
709,VIDAL,9.724265962782927e-05
710,LIZZETTE,9.724265962782927e-05
711,FLAVIO,9.708462713655976e-05
712,ENA,9.69792721423801e-05
713,JAYSON,9.682123965111062e-05
714,IVIS,9.671588465693096e-05
715,EMILIANO,9.655785216566146e-05
716,GREGORIA,9.655785216566146e-05
717,ONELIA,9.64524971714818e-05
718,SALOMON,9.624178718312248e-05
719,AURELIA,9.539894722968516e-05
720,IDALMIS,9.534626973259531e-05
721,CIRA,9.5135559744236e-05
722,LINO,9.4819494761697e-05
723,BLAS,9.466146227042752e-05
724,NEIDA,9.460878477333768e-05
725,FRANCHESCA,9.402933230534954e-05
726,RENZO,9.360791232863088e-05
727,ARLEEN,9.35025573344512e-05
728,PURA,9.34498798373614e-05
729,ALCIDES,9.323916984900206e-05
730,EDELMIRA,9.276507237519358e-05
731,FIORELLA,9.255436238683424e-05
732,NORIS,9.22909749013851e-05
733,RAIMUNDO,9.223829740429526e-05
734,JOANA,9.160616743921728e-05
735,FLORENCIA,9.123742495958844e-05
736,OVIDIO,9.118474746249862e-05
737,MAXIMILIANO,9.086868247995964e-05
738,LUCIANA,9.086868247995964e-05
739,ARIADNA,9.076332748577996e-05
740,GILMA,9.071064998869014e-05
741,MARILU,9.023655251488166e-05
742,AZUCENA,9.007852002361216e-05
743,YENNY,8.99731650294325e-05
744,LUCIO,8.9815132538163e-05
745,NARCISO,8.976245504107317e-05
746,DEYANIRA,8.960442254980368e-05
747,NATACHA,8.939371256144435e-05
748,MARILUZ,8.918300257308502e-05
749,JENNIFFER,8.918300257308502e-05
750,ROBINSON,8.876158259636637e-05
751,CLEMENTE,8.860355010509687e-05
752,GLORIMAR,8.860355010509687e-05
753,WALDEMAR,8.839284011673755e-05
754,MAIKEL,8.834016261964771e-05
755,LEYDA,8.776071015165956e-05
756,ARISTIDES,8.776071015165956e-05
757,DELFINA,8.770803265456973e-05
758,MARINO,8.744464516912057e-05
759,CRISTHIAN,8.686519270113242e-05
760,DAYAMI,8.670716020986294e-05
761,GIL,8.670716020986294e-05
762,GERTRUDIS,8.633841773023411e-05
763,ITZEL,8.623306273605446e-05
764,PALOMA,8.618038523896462e-05
765,DANAY,8.544290027970697e-05
766,CINTHYA,8.539022278261714e-05
767,LARISSA,8.460006032626967e-05
768,TITO,8.449470533209001e-05
769,YARA,8.444202783500018e-05
770,RUBI,8.402060785828152e-05
771,ARNULFO,8.396793036119168e-05
772,SEGUNDO,8.396793036119168e-05
773,THAIS,8.386257536701203e-05
774,ROMINA,8.375722037283236e-05
775,FABIANA,8.359918788156287e-05
776,DIONISIO,8.333580039611371e-05
777,KAROL,8.328312289902388e-05
778,EDILBERTO,8.317776790484421e-05
779,ARGELIA,8.317776790484421e-05
780,OMAIRA,8.291438041939505e-05
781,SERAFIN,8.217689546013742e-05
782,GASTON,8.196618547177808e-05
783,RONNY,8.180815298050859e-05
784,XENIA,8.180815298050859e-05
785,ISAURA,8.175547548341876e-05
786,OBED,8.165012048923909e-05
787,NEREYDA,8.154476549505943e-05
788,BRAYAN,8.154476549505943e-05
789,LINETTE,8.122870051252044e-05
790,CIRO,8.096531302707129e-05
791,IVON,8.085995803289162e-05
792,JULIANNA,8.075460303871195e-05
793,LUPE,8.070192554162213e-05
794,ALEYDA,8.06492480445323e-05
795,NIVIA,8.06492480445323e-05
796,NAYDA,8.06492480445323e-05
797,LEIDA,8.059657054744246e-05
798,ARAMIS,8.054389305035263e-05
799,SINDY,8.054389305035263e-05
800,MELANY,8.049121555326279e-05
801,NURIA,8.028050556490347e-05
802,SOLANGE,7.980640809109499e-05
803,LISET,7.954302060564583e-05
804,LEONIDES,7.9490343108556e-05
805,MELIDA,7.922695562310684e-05
806,RAIZA,7.912160062892717e-05
807,LEYLA,7.90162456347475e-05
808,GINO,7.885821314347802e-05
809,MARIELLA,7.859482565802886e-05
810,EMELINA,7.806805068713054e-05
811,RAYSA,7.801537319004071e-05
812,FLORENCIO,7.785734069877121e-05
813,GIANNA,7.754127571623223e-05
814,HERMES,7.754127571623223e-05
815,YANETH,7.74885982191424e-05
816,MARCELINA,7.74885982191424e-05
817,YELITZA,7.711985573951357e-05
818,TAINA,7.70145007453339e-05
819,LILIAM,7.685646825406441e-05
820,OSMANY,7.680379075697458e-05
821,IVANA,7.675111325988474e-05
822,LUIZ,7.648772577443559e-05
823,MAIDA,7.627701578607626e-05
824,JAILENE,7.627701578607626e-05
825,ZULEYKA,7.601362830062711e-05
826,YAMILETH,7.601362830062711e-05
827,IVANIA,7.559220832390845e-05
828,EDILIA,7.54868533297288e-05
829,OTILIA,7.532882083845929e-05
830,LISBET,7.511811085009997e-05
831,MODESTA,7.50127558559203e-05
832,UBALDO,7.50127558559203e-05
833,WALDO,7.490740086174064e-05
834,CARMELA,7.459133587920165e-05
835,EVARISTO,7.411723840539316e-05
836,CANDELARIA,7.395920591412367e-05
837,TALIA,7.390652841703384e-05
838,AMILCAR,7.374849592576435e-05
839,MAXIMINO,7.369581842867451e-05
840,MARIADELCARMEN,7.306368846359653e-05
841,ENRIQUETA,7.30110109665067e-05
842,REYES,7.285297847523721e-05
843,JACOBO,7.274762348105754e-05
844,WILBERTO,7.248423599560838e-05
845,YAQUELIN,7.243155849851855e-05
846,HOMERO,7.23262035043389e-05
847,LILLIANA,7.195746102471007e-05
848,GASPAR,7.179942853344057e-05
849,SANDRO,7.174675103635075e-05
850,NEYDA,7.174675103635075e-05
851,ABIMAEL,7.158871854508124e-05
852,ADRIEL,7.148336355090158e-05
853,MAYKEL,7.132533105963209e-05
854,SCARLETT,7.11672985683626e-05
855,BERNARDA,7.111462107127276e-05
856,LIVIA,7.111462107127276e-05
857,YARELIS,7.111462107127276e-05
858,CALIXTO,7.095658858000326e-05
859,OSIRIS,7.058784610037444e-05
860,NICOLLE,7.032445861492528e-05
861,OLIMPIA,7.032445861492528e-05
862,ARELY,7.016642612365579e-05
863,ILIA,7.000839363238629e-05
864,WILMARIE,6.990303863820663e-05
865,PAULINO,6.979768364402696e-05
866,ARNOLDO,6.958697365566764e-05
867,JAHAIRA,6.953429615857781e-05
868,ANSELMO,6.932358617021848e-05
869,MAGALYS,6.916555367894898e-05
870,CELESTINO,6.911287618185916e-05
871,BETHZAIDA,6.911287618185916e-05
872,DEYSI,6.890216619349982e-05
873,NAYELI,6.86914562051405e-05
874,FILIBERTO,6.858610121096083e-05
875,ARGENTINA,6.858610121096083e-05
876,ADONIS,6.853342371387101e-05
877,RUFINO,6.848074621678118e-05
878,DIANELYS,6.842806871969134e-05
879,YESICA,6.827003622842184e-05
880,MARIELY,6.811200373715235e-05
881,GRETEL,6.811200373715235e-05
882,YISEL,6.795397124588286e-05
883,HORTENCIA,6.795397124588286e-05
884,DENIA,6.763790626334387e-05
885,NATALI,6.732184128080488e-05
886,ISELA,6.732184128080488e-05
887,CRISTOPHER,6.726916378371505e-05
888,KATIRIA,6.716380878953538e-05
889,MARICARMEN,6.700577629826589e-05
890,ANNIA,6.700577629826589e-05
891,MARILIN,6.695309880117606e-05
892,GEOVANNY,6.674238881281673e-05
893,DEMETRIO,6.66897113157269e-05
894,ESTEFANY,6.637364633318791e-05
895,CORAL,6.611025884773875e-05
896,YULIANA,6.611025884773875e-05
897,SARAHI,6.605758135064892e-05
898,ISAMAR,6.58468713622896e-05
899,LOYDA,6.58468713622896e-05
900,FLORENTINO,6.579419386519976e-05
901,ANNY,6.574151636810993e-05
902,ODETTE,6.568883887102009e-05
903,ELEAZAR,6.558348387684044e-05
904,AMARIS,6.547812888266077e-05
905,CONSTANZA,6.542545138557093e-05
906,MARGOT,6.53727738884811e-05
907,PATRIA,6.505670890594212e-05
908,GIAN,6.484599891758279e-05
909,IRINA,6.484599891758279e-05
910,EDEL,6.479332142049295e-05
911,JUSTA,6.474064392340313e-05
912,JONATAN,6.463528892922346e-05
913,ANIA,6.45299339350438e-05
914,EDDA,6.442457894086414e-05
915,AGUEDA,6.426654644959464e-05
916,ROQUE,6.416119145541498e-05
917,DELILAH,6.405583646123531e-05
918,LYNNETTE,6.400315896414548e-05
919,YAMILKA,6.395048146705565e-05
920,YSABEL,6.389780396996583e-05
921,NINOSKA,6.379244897578616e-05
922,KATTY,6.342370649615733e-05
923,LADY,6.342370649615733e-05
924,YULIET,6.331835150197768e-05
925,CARLOTA,6.326567400488784e-05
926,BASILIO,6.300228651943869e-05
927,ARCADIO,6.279157653107935e-05
928,ANAHI,6.26862215368997e-05
929,FELIPA,6.242283405145054e-05
930,ELIUD,6.231747905727087e-05
931,MANNY,6.231747905727087e-05
932,WILLY,6.22121240630912e-05
933,DIMAS,6.22121240630912e-05
934,KEREN,6.210676906891155e-05
935,MYRTA,6.194873657764204e-05
936,MELVA,6.184338158346239e-05
937,DILCIA,6.184338158346239e-05
938,CORALIA,6.157999409801323e-05
939,YUNIOR,6.15273166009234e-05
940,GIANNI,6.15273166009234e-05
941,MARIELENA,6.147463910383356e-05
942,WILLIAMS,6.12112516183844e-05
943,BRIGIDA,6.084250913875558e-05
944,JOHANNY,6.0684476647486085e-05
945,JOSELINE,6.052644415621659e-05
946,LINNETTE,6.042108916203693e-05
947,ISABELA,6.0210379173677605e-05
948,ZAIRA,6.015770167658777e-05
949,LIDA,6.015770167658777e-05
950,DARIEL,5.989431419113861e-05
951,EVELIA,5.978895919695895e-05
952,GISEL,5.957824920859962e-05
953,KATHIA,5.931486172315047e-05
954,ANABELLE,5.884076424934198e-05
955,EDWARDO,5.878808675225215e-05
956,ELA,5.878808675225215e-05
957,MARICRUZ,5.873540925516232e-05
958,ARTEMIO,5.873540925516232e-05
959,GISELLA,5.868273175807248e-05
960,NOHEMI,5.852469926680299e-05
961,NATANAEL,5.8419344272623326e-05
962,MARIAELENA,5.8419344272623326e-05
963,BARBARO,5.836666677553349e-05
964,OBDULIA,5.836666677553349e-05
965,STEFANY,5.815595678717417e-05
966,JOSELIN,5.8103279290084335e-05
967,MAGNOLIA,5.80506017929945e-05
968,ORIANA,5.799792429590467e-05
969,ALEXANDRO,5.799792429590467e-05
970,SELENE,5.794524679881484e-05
971,JOMAR,5.7787214307545343e-05
972,YOAN,5.757650431918602e-05
973,JIMENA,5.757650431918602e-05
974,JOAO,5.747114932500635e-05
975,JOVANNY,5.7418471827916525e-05
976,VICENTA,5.736579433082669e-05
977,VALERY,5.726043933664703e-05
978,JESSIKA,5.715508434246737e-05
979,LENIN,5.715508434246737e-05
980,LIANET,5.7102406845377534e-05
981,LISANDRO,5.6839019359928376e-05
982,CIELO,5.673366436574872e-05
983,DAYANARA,5.673366436574872e-05
984,KATIUSKA,5.657563187447922e-05
985,RAMSES,5.641759938320973e-05
986,RONY,5.636492188611989e-05
987,JESICA,5.625956689194023e-05
988,NINFA,5.6154211897760567e-05
989,JANETT,5.6154211897760567e-05
990,BIENVENIDA,5.599617940649107e-05
991,ROMELIA,5.58908244123114e-05
992,ADRIA,5.58908244123114e-05
993,EMIL,5.5838146915221575e-05
994,ELINA,5.5838146915221575e-05
995,PAVEL,5.5627436926862246e-05
996,ZEIDA,5.5627436926862246e-05
997,ORALIA,5.5627436926862246e-05
998,ELIGIO,5.552208193268258e-05
999,PROVIDENCIA,5.552208193268258e-05
1000,CLARISA,5.546940443559275e-05
1001,EVERARDO,5.541672693850292e-05
1002,FELICIANO,5.536404944141309e-05
1003,GALO,5.536404944141309e-05
1004,AYMEE,5.531137194432325e-05
1005,CLEMENCIA,5.531137194432325e-05
1006,FLORINDA,5.525869444723343e-05
1007,ARELI,5.525869444723343e-05
1008,IVANNA,5.525869444723343e-05
1009,MARIANNA,5.515333945305376e-05
1010,AMADOR,5.510066195596393e-05
1011,KATYA,5.50479844588741e-05
1012,TULIO,5.494262946469444e-05
1013,GIULIANA,5.494262946469444e-05
1014,NIKOLAS,5.478459697342494e-05
1015,YANITZA,5.473191947633511e-05
1016,CARMELINA,5.467924197924528e-05
1017,PASTOR,5.462656448215544e-05
1018,MELANIA,5.452120948797578e-05
1019,LEDA,5.420514450543679e-05
1020,MARISABEL,5.409978951125713e-05
1021,ISIDORO,5.4047112014167296e-05
1022,DELMA,5.367836953453848e-05
1023,PASTORA,5.3362304551999486e-05
1024,LENNY,5.3362304551999486e-05
1025,MARGARITO,5.3362304551999486e-05
1026,FRANKLYN,5.325694955781983e-05
1027,YUDITH,5.325694955781983e-05
1028,JOVANY,5.320427206072999e-05
1029,JACKLYN,5.315159456364016e-05
1030,ZUNILDA,5.309891706655033e-05
1031,JACQUELIN,5.3046239569460495e-05
1032,DINORA,5.299356207237066e-05
1033,VIRIDIANA,5.299356207237066e-05
1034,ZONIA,5.299356207237066e-05
1035,JERONIMO,5.2835529581101165e-05
1036,KRIZIA,5.2730174586921504e-05
1037,TEOFILO,5.267749708983168e-05
1038,SIGFREDO,5.262481959274184e-05
1039,MAGDIEL,5.262481959274184e-05
1040,SILVESTRE,5.257214209565201e-05
1041,LISSETT,5.251946459856218e-05
1042,AYLIN,5.2466787101472346e-05
1043,EDSON,5.241410960438251e-05
1044,ELKIN,5.2361432107292685e-05
1045,KETTY,5.2361432107292685e-05
1046,HERLINDA,5.225607711311302e-05
1047,EMERITA,5.220339961602319e-05
1048,EVER,5.209804462184353e-05
1049,DILIA,5.2045367124753694e-05
1050,ADRIANO,5.183465713639437e-05
1051,BOLIVAR,5.1781979639304537e-05
1052,GAMALIEL,5.17293021422147e-05
1053,JUSTINO,5.17293021422147e-05
1054,ORQUIDEA,5.167662464512487e-05
1055,ELPIDIO,5.167662464512487e-05
1056,EPIFANIO,5.157126965094521e-05
1057,JULISA,5.151859215385538e-05
1058,LEONIDAS,5.136055966258589e-05
1059,MARIAJOSE,5.136055966258589e-05
1060,KATERINA,5.093913968586723e-05
1061,MADELAINE,5.08864621887774e-05
1062,DAYRON,5.08864621887774e-05
1063,AMERICO,5.07284296975079e-05
1064,ADIS,5.062307470332824e-05
1065,ILUMINADA,5.062307470332824e-05
1066,JOHANN,5.0570397206238406e-05
1067,GIOVANI,5.0570397206238406e-05
1068,REINIER,5.025433222369941e-05
1069,JEANPAUL,4.97275572528011e-05
1070,ANNABEL,4.97275572528011e-05
1071,AILYN,4.967487975571127e-05
1072,FIDELINA,4.962220225862144e-05
1073,JACKELYN,4.951684726444177e-05
1074,VANIA,4.941149227026211e-05
1075,MALENA,4.941149227026211e-05
1076,KAREL,4.930613727608245e-05
1077,JANESSA,4.930613727608245e-05
1078,YENY,4.925345977899261e-05
1079,KASANDRA,4.914810478481295e-05
1080,JAIR,4.904274979063329e-05
1081,DENNISE,4.893739479645362e-05
1082,BERNABE,4.883203980227396e-05
1083,JOSELUIS,4.8779362305184126e-05
1084,PETRONILA,4.87266848080943e-05
1085,TELMA,4.85686523168248e-05
1086,ENMANUEL,4.851597481973497e-05
1087,LIZANDRA,4.841061982555531e-05
1088,MILKA,4.825258733428581e-05
1089,ONDINA,4.819990983719598e-05
1090,LIZET,4.819990983719598e-05
1091,NINOSHKA,4.819990983719598e-05
1092,OSMEL,4.814723234010615e-05
1093,MILADYS,4.809455484301632e-05
1094,ZULAY,4.809455484301632e-05
1095,GRETHEL,4.7989199848836655e-05
1096,WILDA,4.7883844854656993e-05
1097,YOMAIRA,4.7883844854656993e-05
1098,CIRILO,4.783116735756716e-05
1099,GRICEL,4.7778489860477325e-05
1100,ANABELLA,4.7778489860477325e-05
1101,MARYLIN,4.77258123633875e-05
1102,BAYARDO,4.762045736920783e-05
1103,LEANDRA,4.751510237502817e-05
1104,ISAI,4.751510237502817e-05
1105,ELOINA,4.746242487793834e-05
1106,ALEXANDRE,4.735706988375867e-05
1107,BERNARDINO,4.7304392386668845e-05
1108,DIOGENES,4.7304392386668845e-05
1109,FRANCY,4.714635989539935e-05
1110,ANEL,4.709368239830952e-05
1111,WILBER,4.709368239830952e-05
1112,LIVAN,4.709368239830952e-05
1113,ENEDINA,4.704100490121968e-05
1114,YANELYS,4.6988327404129854e-05
1115,CLOTILDE,4.693564990704002e-05
1116,ADELFA,4.693564990704002e-05
1117,XOCHITL,4.677761741577053e-05
1118,SILVINA,4.667226242159086e-05
1119,LEYDI,4.65669074274112e-05
1120,HANSEL,4.65669074274112e-05
1121,BALTAZAR,4.651422993032137e-05
1122,NURYS,4.630351994196205e-05
1123,SATURNINO,4.630351994196205e-05
1124,CARMENZA,4.630351994196205e-05
1125,PETRONA,4.614548745069255e-05
1126,YOSELIN,4.609280995360272e-05
1127,VILMARIE,4.609280995360272e-05
1128,KAREM,4.609280995360272e-05
1129,YANEISY,4.604013245651288e-05
1130,CAROLA,4.604013245651288e-05
1131,ALEXI,4.604013245651288e-05
1132,GIRALDO,4.604013245651288e-05
1133,NILKA,4.598745495942305e-05
1134,KIRENIA,4.593477746233322e-05
1135,LEONCIO,4.593477746233322e-05
1136,OTONIEL,4.582942246815356e-05
1137,DORCAS,4.577674497106372e-05
1138,DELMY,4.567138997688406e-05
1139,ENZO,4.561871247979423e-05
1140,NELSY,4.55660349827044e-05
1141,ALESSANDRO,4.5513357485614566e-05
1142,NOHORA,4.54080024914349e-05
1143,MERIDA,4.530264749725524e-05
1144,ANTONELLA,4.530264749725524e-05
1145,GIOCONDA,4.519729250307557e-05
1146,EMERSON,4.509193750889591e-05
1147,JHONNY,4.509193750889591e-05
1148,ROSAMARIA,4.503926001180608e-05
1149,ARLEN,4.498658251471625e-05
1150,ONIX,4.493390501762642e-05
1151,JOVANI,4.451248504090777e-05
1152,GERONIMO,4.445980754381793e-05
1153,JANY,4.44071300467281e-05
1154,NATHANAEL,4.44071300467281e-05
1155,JOSEAN,4.44071300467281e-05
1156,ZENIA,4.435445254963827e-05
1157,GEOVANNI,4.419642005836877e-05
1158,SANJUANA,4.419642005836877e-05
1159,ELIER,4.419642005836877e-05
1160,GRISELL,4.414374256127894e-05
1161,GIANNINA,4.403838756709928e-05
1162,ILSE,4.403838756709928e-05
1163,AVELINO,4.403838756709928e-05
1164,DAMASO,4.403838756709928e-05
1165,ARGENIS,4.403838756709928e-05
1166,COSME,4.3933032572919616e-05
1167,ALCIRA,4.382767757873996e-05
1168,YASSER,4.382767757873996e-05
1169,NILO,4.382767757873996e-05
1170,JAQUELIN,4.382767757873996e-05
1171,MAYLEN,4.377500008165012e-05
1172,MARYSOL,4.361696759038063e-05
1173,NORKA,4.356429009329079e-05
1174,ARMINDA,4.351161259620096e-05
1175,DAYLIN,4.345893509911113e-05
1176,GRETTEL,4.345893509911113e-05
1177,ARGELIO,4.345893509911113e-05
1178,DELFIN,4.34062576020213e-05
1179,ZULLY,4.34062576020213e-05
1180,EDA,4.335358010493147e-05
1181,CLEMENTINA,4.3248225110751806e-05
1182,HERMELINDA,4.3248225110751806e-05
1183,ELY,4.319554761366197e-05
1184,KATERINE,4.319554761366197e-05
1185,ISEL,4.314287011657214e-05
1186,MERARI,4.309019261948231e-05
1187,MADAY,4.309019261948231e-05
1188,MARIELYS,4.298483762530264e-05
1189,VIANCA,4.298483762530264e-05
1190,JAEL,4.2932160128212815e-05
1191,NARCISA,4.2932160128212815e-05
1192,GABINO,4.2826805134033154e-05
1193,MEDARDO,4.277412763694332e-05
1194,LIDUVINA,4.266877264276366e-05
1195,HILDELISA,4.2616095145673824e-05
1196,MAGALIS,4.2616095145673824e-05
1197,MARCIO,4.256341764858399e-05
1198,ROSANGELA,4.2405385157314494e-05
1199,SIXTA,4.2405385157314494e-05
1200,SERVANDO,4.230003016313483e-05
1201,ESTEFANI,4.230003016313483e-05
1202,ARIANNE,4.230003016313483e-05
1203,CINTIA,4.230003016313483e-05
1204,GRICELDA,4.2247352666045005e-05
1205,RUPERTO,4.219467516895517e-05
1206,ELIECER,4.208932017477551e-05
1207,WASHINGTON,4.208932017477551e-05
1208,IRAN,4.1931287683506014e-05
1209,JANNET,4.1931287683506014e-05
1210,ARIAN,4.1825932689326346e-05
1211,MILADY,4.1825932689326346e-05
1212,ARLETTE,4.177325519223652e-05
1213,SOLIMAR,4.177325519223652e-05
1214,YULISSA,4.166790019805686e-05
1215,FABRICIO,4.161522270096702e-05
1216,LIZMARIE,4.156254520387719e-05
1217,FRIDA,4.156254520387719e-05
1218,ELEUTERIO,4.150986770678736e-05
1219,CONSTANTINO,4.150986770678736e-05
1220,ARACELIA,4.145719020969753e-05
1221,ENCARNACION,4.140451271260769e-05
1222,RHINA,4.140451271260769e-05
1223,LIBRADA,4.140451271260769e-05
1224,JENNYFER,4.12464802213382e-05
1225,MARIVEL,4.12464802213382e-05
1226,DELIO,4.12464802213382e-05
1227,THANIA,4.12464802213382e-05
1228,DAYAN,4.108844773006871e-05
1229,DENNYS,4.108844773006871e-05
1230,SUYAPA,4.093041523879921e-05
1231,EUSEBIA,4.082506024461954e-05
1232,LIDICE,4.082506024461954e-05
1233,LYMARI,4.066702775335005e-05
1234,MIOSOTIS,4.066702775335005e-05
1235,MAILYN,4.066702775335005e-05
1236,KEVEN,4.061435025626022e-05
1237,ESTEVAN,4.056167275917039e-05
1238,STEFANO,4.050899526208056e-05
1239,DARLING,4.050899526208056e-05
1240,ARIS,4.035096277081106e-05
1241,LUZMILA,4.029828527372123e-05
1242,IGOR,4.029828527372123e-05
1243,ILKA,4.02456077766314e-05
1244,ANAY,4.019293027954157e-05
1245,JOAQUINA,4.0140252782451735e-05
1246,SIOMARA,4.003489778827207e-05
1247,ODILIA,4.003489778827207e-05
1248,EULOGIO,4.003489778827207e-05
1249,YOHANA,3.987686529700258e-05
1250,VICTORIANO,3.982418779991274e-05
1251,ERNIE,3.982418779991274e-05
1252,OSMAN,3.982418779991274e-05
1253,SARAY,3.982418779991274e-05
1254,NAIDA,3.966615530864325e-05
1255,HIGINIO,3.966615530864325e-05
1256,ISOLINA,3.966615530864325e-05
1257,YANINA,3.950812281737375e-05
1258,EDY,3.940276782319409e-05
1259,EDILMA,3.940276782319409e-05
1260,YAMIRA,3.935009032610426e-05
1261,JEREMIAS,3.913938033774493e-05
1262,FLORENTINA,3.903402534356527e-05
1263,ORESTE,3.89286703493856e-05
1264,RUDDY,3.8875992852295776e-05
1265,ANALIA,3.8875992852295776e-05
1266,YENI,3.882331535520594e-05
1267,REGINO,3.871796036102628e-05
1268,ROSMERY,3.855992786975679e-05
1269,EUFEMIA,3.855992786975679e-05
1270,NADYA,3.855992786975679e-05
1271,INDIANA,3.855992786975679e-05
1272,YAILIN,3.850725037266695e-05
1273,ROSALVA,3.850725037266695e-05
1274,CLAUDINA,3.845457287557712e-05
1275,ALIX,3.840189537848729e-05
1276,GISELL,3.8349217881397455e-05
1277,IGNACIA,3.829654038430763e-05
1278,TIRSO,3.8191185390127966e-05
1279,OSMAR,3.8191185390127966e-05
1280,BELGICA,3.813850789303813e-05
1281,TAISHA,3.803315289885847e-05
1282,ALBERTINA,3.798047540176864e-05
1283,YORDANKA,3.798047540176864e-05
1284,SUSY,3.776976541340931e-05
1285,AMNERIS,3.771708791631948e-05
1286,MARIANELLA,3.771708791631948e-05
1287,HEBER,3.7664410419229645e-05
1288,EDER,3.761173292213982e-05
1289,KATHERIN,3.7559055425049984e-05
1290,ARACELLY,3.750637792796015e-05
1291,NICOLASA,3.724299044251099e-05
1292,YAMILETTE,3.719031294542116e-05
1293,RUBIELA,3.719031294542116e-05
1294,ERIBERTO,3.697960295706184e-05
1295,VIELKA,3.697960295706184e-05
1296,INOCENCIA,3.6926925459972e-05
1297,ABDEL,3.6926925459972e-05
1298,DELVIS,3.6874247962882174e-05
1299,JORDI,3.682157046579234e-05
1300,MILITZA,3.6768892968702506e-05
1301,ELADIA,3.6768892968702506e-05
1302,DEMI,3.671621547161268e-05
1303,LIBERTAD,3.671621547161268e-05
1304,ADILENE,3.671621547161268e-05
1305,MILCA,3.671621547161268e-05
1306,BASILIA,3.666353797452285e-05
1307,YOSVANY,3.666353797452285e-05
1308,ROSIBEL,3.661086047743301e-05
1309,GUDELIA,3.645282798616352e-05
1310,APOLINAR,3.645282798616352e-05
1311,SILVERIO,3.640015048907369e-05
1312,IRASEMA,3.640015048907369e-05
1313,ASHLY,3.6294795494894026e-05
1314,LUIGI,3.613676300362453e-05
1315,AYMARA,3.603140800944486e-05
1316,YANELY,3.59260530152652e-05
1317,YUSIMI,3.587337551817537e-05
1318,MYRIAN,3.582069802108554e-05
1319,MANOLO,3.582069802108554e-05
1320,JUVENAL,3.5768020523995705e-05
1321,FAUSTINA,3.5768020523995705e-05
1322,STEPHANIA,3.5768020523995705e-05
1323,AIDE,3.571534302690588e-05
1324,ANTONIETA,3.571534302690588e-05
1325,SCARLET,3.566266552981604e-05
1326,GISSEL,3.560998803272621e-05
1327,ZORAYA,3.560998803272621e-05
1328,DIOSDADO,3.550463303854655e-05
1329,JANNETH,3.550463303854655e-05
1330,PRIMITIVO,3.550463303854655e-05
1331,YOANA,3.550463303854655e-05
1332,YADIEL,3.545195554145671e-05
1333,BRENDALIZ,3.545195554145671e-05
1334,ROSELIA,3.5399278044366886e-05
1335,ALANIS,3.5399278044366886e-05
1336,NOEMY,3.534660054727705e-05
1337,AYLEEN,3.529392305018722e-05
1338,JANIRA,3.524124555309739e-05
1339,ELISABET,3.518856805600756e-05
1340,ONELIO,3.513589055891773e-05
1341,BESSY,3.513589055891773e-05
1342,YECENIA,3.503053556473806e-05
1343,KEYSHLA,3.497785806764823e-05
1344,RAYDEL,3.497785806764823e-05
1345,CANDELARIO,3.4872503073468565e-05
1346,YASMANY,3.481982557637874e-05
1347,CAMELIA,3.481982557637874e-05
1348,ELIESER,3.481982557637874e-05
1349,ELIZABET,3.4767148079288903e-05
1350,IDALIS,3.4767148079288903e-05
1351,LUPITA,3.4767148079288903e-05
1352,CELIDA,3.471447058219907e-05
1353,MARIADELPILAR,3.471447058219907e-05
1354,ENMA,3.471447058219907e-05
1355,LAUREANO,3.466179308510924e-05
1356,YOVANI,3.4398405599660085e-05
1357,OSMANI,3.4398405599660085e-05
1358,LARITZA,3.434572810257025e-05
1359,OLINDA,3.434572810257025e-05
1360,ZAHIRA,3.434572810257025e-05
1361,ROSSY,3.4293050605480417e-05
1362,LAURO,3.4293050605480417e-05
1363,AMINTA,3.4293050605480417e-05
1364,ILDEFONSO,3.4293050605480417e-05
1365,ADALGISA,3.424037310839059e-05
1366,ROSIO,3.4187695611300755e-05
1367,JOSSIE,3.4082340617121094e-05
1368,ACELA,3.4082340617121094e-05
1369,NURIS,3.4082340617121094e-05
1370,WENCESLAO,3.4082340617121094e-05
1371,ZAYDA,3.402966312003126e-05
1372,OBDULIO,3.39243081258516e-05
1373,OLIVA,3.3871630628761764e-05
1374,DAGMAR,3.3871630628761764e-05
1375,MARCELLO,3.3871630628761764e-05
1376,NOHEMY,3.3818953131671936e-05
1377,VANNESSA,3.37662756345821e-05
1378,NERIDA,3.37662756345821e-05
1379,SABINO,3.371359813749227e-05
1380,PLACIDO,3.360824314331261e-05
1381,ISMARY,3.3502888149132945e-05
1382,MIRELYS,3.345021065204311e-05
1383,ZOBEIDA,3.345021065204311e-05
1384,DARIANA,3.345021065204311e-05
1385,ERMELINDA,3.3397533154953284e-05
1386,GIANFRANCO,3.329217816077361e-05
1387,YANIA,3.329217816077361e-05
1388,YENIFER,3.329217816077361e-05
1389,DIONICIO,3.323950066368379e-05
1390,BONIFACIO,3.3186823166593954e-05
1391,SANTO,3.308146817241429e-05
1392,MARANGELY,3.302879067532446e-05
1393,LEYDIS,3.302879067532446e-05
1394,CRISTINO,3.2976113178234624e-05
1395,JORDY,3.2976113178234624e-05
1396,MAXIMINA,3.2976113178234624e-05
1397,GILDARDO,3.29234356811448e-05
1398,BETSABE,3.29234356811448e-05
1399,NASHALY,3.287075818405496e-05
1400,LAYLA,3.2818080686965135e-05
1401,BRISEIDA,3.266004819569564e-05
1402,CRISTINE,3.266004819569564e-05
1403,RUFINA,3.266004819569564e-05
1404,ABRIL,3.266004819569564e-05
1405,GISELE,3.255469320151597e-05
1406,ILSA,3.255469320151597e-05
1407,RENAN,3.255469320151597e-05
1408,EMELIA,3.2502015704426144e-05
1409,FROILAN,3.239666071024648e-05
1410,ROMY,3.223862821897699e-05
1411,RACIEL,3.223862821897699e-05
1412,HEYDI,3.218595072188715e-05
1413,ANETTE,3.218595072188715e-05
1414,BLADIMIR,3.213327322479732e-05
1415,FACUNDO,3.213327322479732e-05
1416,ISAEL,3.213327322479732e-05
1417,EDUARD,3.208059572770749e-05
1418,KAROLINA,3.208059572770749e-05
1419,ZULEIMA,3.208059572770749e-05
1420,ANASTACIO,3.202791823061766e-05
1421,VINCENTE,3.202791823061766e-05
1422,YUDELKA,3.197524073352782e-05
1423,REMBERTO,3.186988573934816e-05
1424,MARLY,3.181720824225833e-05
1425,SONNIA,3.1711853248078666e-05
1426,URBANO,3.1606498253899004e-05
1427,SERAFINA,3.1606498253899004e-05
1428,STEFANIA,3.155382075680917e-05
1429,IVETT,3.150114325971934e-05
1430,NELSA,3.150114325971934e-05
1431,OMAIDA,3.1395788265539675e-05
1432,LIUDMILA,3.134311076844985e-05
1433,ISORA,3.134311076844985e-05
1434,GABY,3.129043327136001e-05
1435,MIGUELANGEL,3.123775577427018e-05
1436,JANINA,3.118507827718035e-05
1437,CORALIS,3.118507827718035e-05
1438,AIDEE,3.118507827718035e-05
1439,ALEXEI,3.113240078009052e-05
1440,LETTY,3.113240078009052e-05
1441,REYNIER,3.1027045785910856e-05
1442,YULISA,3.097436828882102e-05
1443,AQUILES,3.097436828882102e-05
1444,YOANDRA,3.097436828882102e-05
1445,GIOVANA,3.086901329464136e-05
1446,NEYSHA,3.086901329464136e-05
1447,LEONELA,3.086901329464136e-05
1448,YUNIEL,3.0816335797551526e-05
1449,ANGELY,3.0816335797551526e-05
1450,RAUDEL,3.07636583004617e-05
1451,EPIFANIA,3.065830330628203e-05
1452,CATALINO,3.065830330628203e-05
1453,ILDA,3.06056258091922e-05
1454,YADER,3.055294831210237e-05
1455,KRYSTINA,3.0447593317922708e-05
1456,INOCENCIO,3.039491582083288e-05
1457,JONNATHAN,3.039491582083288e-05
1458,YOHANNA,3.0342238323743043e-05
1459,DIANELIS,3.028956082665321e-05
1460,MILEIDY,3.028956082665321e-05
1461,MEYLIN,3.028956082665321e-05
1462,GUALBERTO,3.023688332956338e-05
1463,MAYLING,3.023688332956338e-05
1464,JOVANNA,3.023688332956338e-05
1465,DAIANA,3.018420583247355e-05
1466,JOVANNI,3.018420583247355e-05
1467,NUVIA,3.013152833538372e-05
1468,ASELA,3.007885083829389e-05
1469,ADILIA,3.002617334120405e-05
1470,VIVIANNE,3.002617334120405e-05
1471,JAZLYN,3.002617334120405e-05
1472,VIANEY,2.997349584411422e-05
1473,MARIADEL,2.992081834702439e-05
1474,HELLEN,2.992081834702439e-05
1475,SACHA,2.992081834702439e-05
1476,ARACELYS,2.992081834702439e-05
1477,LAUDELINA,2.981546335284473e-05
1478,EDELMIRO,2.976278585575489e-05
1479,SOCRATES,2.976278585575489e-05
1480,JEANCARLOS,2.9710108358665064e-05
1481,ISA,2.9710108358665064e-05
1482,YULY,2.9710108358665064e-05
1483,ITALO,2.96047533644854e-05
1484,IDALBERTO,2.96047533644854e-05
1485,ISIDRA,2.96047533644854e-05
1486,DORYS,2.96047533644854e-05
1487,ABILIO,2.9552075867395568e-05
1488,BUENAVENTURA,2.9552075867395568e-05
1489,YUNIER,2.9552075867395568e-05
1490,ROSAIDA,2.9499398370305737e-05
1491,AGAPITO,2.9499398370305737e-05
1492,DANELIA,2.9394043376126072e-05
1493,NORAIDA,2.9394043376126072e-05
1494,NAZARIO,2.9394043376126072e-05
1495,MAYNOR,2.934136587903624e-05
1496,ELEONORA,2.934136587903624e-05
1497,FANY,2.928868838194641e-05
1498,LEIDYS,2.928868838194641e-05
1499,MONSERRAT,2.928868838194641e-05
1500,LYDA,2.9183333387766743e-05
1501,MARYBEL,2.9183333387766743e-05
1502,ARLEY,2.9130655890676915e-05
1503,RENIER,2.9130655890676915e-05
1504,GERMANIA,2.9077978393587084e-05
1505,BARTOLO,2.9077978393587084e-05
1506,JAYLEEN,2.902530089649725e-05
1507,DAMARY,2.891994590231759e-05
1508,CLARITZA,2.886726840522776e-05
1509,YOANDY,2.8814590908137924e-05
1510,SOLANGEL,2.8761913411048093e-05
1511,MARIEN,2.8761913411048093e-05
1512,GAMALIER,2.8761913411048093e-05
1513,YENEY,2.8761913411048093e-05
1514,THIAGO,2.8709235913958262e-05
1515,YARIEL,2.8709235913958262e-05
1516,OSIEL,2.86038809197786e-05
1517,MARLENI,2.8551203422688767e-05
1518,FIDELIA,2.8498525925598936e-05
1519,FRANKY,2.8498525925598936e-05
1520,DAYRA,2.8498525925598936e-05
1521,NIKOLE,2.8498525925598936e-05
1522,FIOR,2.8498525925598936e-05
1523,ANJELICA,2.8445848428509105e-05
1524,YIRA,2.8445848428509105e-05
1525,LUANA,2.834049343432944e-05
1526,EMIGDIO,2.834049343432944e-05
1527,JAYLENE,2.828781593723961e-05
1528,SAIDA,2.828781593723961e-05
1529,WILMARY,2.828781593723961e-05
1530,AYDA,2.8235138440149776e-05
1531,WILFRIDO,2.8129783445970117e-05
1532,YALITZA,2.802442845179045e-05
1533,MAYDELIN,2.802442845179045e-05
1534,LISETT,2.797175095470062e-05
1535,CORALYS,2.7919073457610788e-05
1536,SANJUANITA,2.7919073457610788e-05
1537,YAEL,2.7866395960520957e-05
1538,ARI,2.7866395960520957e-05
1539,IVET,2.7866395960520957e-05
1540,IVETH,2.7813718463431123e-05
1541,KARELIA,2.776104096634129e-05
1542,GLORIBEL,2.776104096634129e-05
1543,NELY,2.7655685972161627e-05
1544,CEFERINO,2.76030084750718e-05
1545,MAYELA,2.76030084750718e-05
1546,ELIEL,2.755033097798197e-05
1547,FARA,2.755033097798197e-05
1548,EVANGELISTA,2.749765348089213e-05
1549,VENANCIO,2.749765348089213e-05
1550,DAILYN,2.749765348089213e-05
1551,YAMARIS,2.749765348089213e-05
1552,YAIRA,2.749765348089213e-05
1553,BALBINA,2.749765348089213e-05
1554,LUZMARIA,2.74449759838023e-05
1555,LEONARDA,2.74449759838023e-05
1556,JULY,2.739229848671247e-05
1557,CELESTINA,2.739229848671247e-05
1558,FREDESVINDA,2.739229848671247e-05
1559,MAYTEE,2.733962098962264e-05
1560,YUDIT,2.733962098962264e-05
1561,OTILIO,2.7286943492532805e-05
1562,WELLINGTON,2.723426599544297e-05
1563,LITZY,2.723426599544297e-05
1564,CASILDA,2.723426599544297e-05
1565,ROSALY,2.723426599544297e-05
1566,JEANPIERRE,2.7181588498353144e-05
1567,MONTSERRAT,2.7181588498353144e-05
1568,FAVIOLA,2.7128911001263316e-05
1569,LUCINA,2.707623350417348e-05
1570,ALEJO,2.7023556007083648e-05
1571,YILIAN,2.7023556007083648e-05
1572,BIANKA,2.6970878509993817e-05
1573,AIME,2.6970878509993817e-05
1574,NEISHA,2.6970878509993817e-05
1575,ZAYRA,2.6970878509993817e-05
1576,REFUGIO,2.6865523515814152e-05
1577,DOMITILA,2.681284601872432e-05
1578,JEANCARLO,2.681284601872432e-05
1579,ANABELL,2.681284601872432e-05
1580,MILDREY,2.6707491024544657e-05
1581,JHONATAN,2.6707491024544657e-05
1582,ROMUALDO,2.6707491024544657e-05
1583,VELIA,2.6707491024544657e-05
1584,SILVANO,2.6602136030364995e-05
1585,AMARYLLIS,2.6602136030364995e-05
1586,FERMINA,2.6602136030364995e-05
1587,LUISANA,2.6602136030364995e-05
1588,YANIEL,2.6602136030364995e-05
1589,MAIRIM,2.6549458533275164e-05
1590,IVO,2.6549458533275164e-05
1591,STEFANI,2.649678103618533e-05
1592,ALIRIO,2.649678103618533e-05
1593,ELIANE,2.64441035390955e-05
1594,ENOC,2.64441035390955e-05
1595,PIERO,2.64441035390955e-05
1596,MARINES,2.639142604200567e-05
1597,NALLELY,2.639142604200567e-05
1598,PERFECTO,2.633874854491584e-05
1599,VIRNA,2.6233393550736173e-05
1600,ROSABEL,2.6233393550736173e-05
1601,FULGENCIO,2.612803855655651e-05
1602,BRUNA,2.607536105946668e-05
1603,SULMA,2.607536105946668e-05
1604,NIVALDO,2.607536105946668e-05
1605,ARCELIA,2.6022683562376847e-05
1606,VALESKA,2.6022683562376847e-05
1607,EULALIO,2.6022683562376847e-05
1608,EMPERATRIZ,2.6022683562376847e-05
1609,YOVANY,2.6022683562376847e-05
1610,MARIZA,2.5970006065287016e-05
1611,BERNARDINA,2.5917328568197185e-05
1612,JORGELINA,2.5917328568197185e-05
1613,DORCA,2.586465107110735e-05
1614,ORIA,2.586465107110735e-05
1615,REYMUNDO,2.581197357401752e-05
1616,RUT,2.581197357401752e-05
1617,HEBERTO,2.581197357401752e-05
1618,HAMLET,2.575929607692769e-05
1619,KATTIA,2.575929607692769e-05
1620,GEOVANY,2.5706618579837856e-05
1621,NERI,2.5653941082748025e-05
1622,YURY,2.5653941082748025e-05
1623,LIZABETH,2.5653941082748025e-05
1624,NEMESIO,2.5601263585658197e-05
1625,YAIMARA,2.554858608856836e-05
1626,YAKELIN,2.554858608856836e-05
1627,OSMIN,2.554858608856836e-05
1628,LYANNE,2.549590859147853e-05
1629,JENY,2.5337876100209037e-05
1630,LUCELLY,2.5337876100209037e-05
1631,DIONISIA,2.5285198603119203e-05
1632,MILVIA,2.5285198603119203e-05
1633,YANDY,2.523252110602937e-05
1634,JEIMY,2.523252110602937e-05
1635,GISSELL,2.523252110602937e-05
1636,MARICELY,2.517984360893954e-05
1637,ESDRAS,2.517984360893954e-05
1638,REMIGIO,2.517984360893954e-05
1639,SAILY,2.5127166111849707e-05
1640,YELBA,2.5127166111849707e-05
1641,AUGUSTIN,2.507448861475988e-05
1642,ANIELKA,2.507448861475988e-05
1643,JOSSELYN,2.502181111767005e-05
1644,KATHYA,2.502181111767005e-05
1645,MIRLA,2.496913362058021e-05
1646,ARMIDA,2.496913362058021e-05
1647,RAIDEL,2.491645612349038e-05
1648,YANELI,2.491645612349038e-05
1649,OSNIEL,2.491645612349038e-05
1650,GLENYS,2.491645612349038e-05
1651,JOANNIE,2.486377862640055e-05
1652,CELINES,2.481110112931072e-05
1653,DANAE,2.481110112931072e-05
1654,YORDAN,2.481110112931072e-05
1655,ALEXSANDRA,2.481110112931072e-05
1656,YASMINA,2.4758423632220885e-05
1657,YRIS,2.4758423632220885e-05
1658,MORAYMA,2.4758423632220885e-05
1659,JUVENTINO,2.470574613513105e-05
1660,VIDALINA,2.470574613513105e-05
1661,URANIA,2.470574613513105e-05
1662,KYARA,2.4653068638041224e-05
1663,GEOVANNA,2.4653068638041224e-05
1664,MARIELIS,2.4600391140951396e-05
1665,DAYANNA,2.4600391140951396e-05
1666,YENNIFER,2.454771364386156e-05
1667,MILEIDYS,2.454771364386156e-05
1668,LESVIA,2.454771364386156e-05
1669,SULLY,2.4495036146771728e-05
1670,KAMILA,2.4495036146771728e-05
1671,CELSA,2.4495036146771728e-05
1672,SULEMA,2.4495036146771728e-05
1673,EIDA,2.4495036146771728e-05
1674,LIBARDO,2.4442358649681897e-05
1675,AILIN,2.4442358649681897e-05
1676,ADIANEZ,2.4442358649681897e-05
1677,VENTURA,2.4442358649681897e-05
1678,NIMIA,2.4389681152592063e-05
1679,HELIO,2.4389681152592063e-05
1680,GEIDY,2.4337003655502232e-05
1681,ELDER,2.4337003655502232e-05
1682,CHIARA,2.4337003655502232e-05
1683,GIANCARLOS,2.4337003655502232e-05
1684,BRISA,2.4337003655502232e-05
1685,HILARIA,2.42843261584124e-05
1686,GRISSEL,2.42843261584124e-05
1687,SAGRARIO,2.42843261584124e-05
1688,ANTOLIN,2.42843261584124e-05
1689,DAFNE,2.42843261584124e-05
1690,YUNIA,2.423164866132257e-05
1691,ANISLEY,2.423164866132257e-05
1692,SAULO,2.4178971164232737e-05
1693,LYMARIE,2.4178971164232737e-05
1694,ADIELA,2.4178971164232737e-05
1695,YOKASTA,2.4178971164232737e-05
1696,JANITZA,2.4178971164232737e-05
1697,CIPRIANO,2.4126293667142903e-05
1698,EMILIANA,2.4126293667142903e-05
1699,ROSALIO,2.4126293667142903e-05
1700,DIDIER,2.4073616170053075e-05
1701,YARIMAR,2.396826117587341e-05
1702,MITZY,2.396826117587341e-05
1703,YAHIMA,2.391558367878358e-05
1704,VIANKA,2.386290618169375e-05
1705,ONEL,2.386290618169375e-05
1706,MACARENA,2.386290618169375e-05
1707,EMY,2.3810228684603915e-05
1708,OILDA,2.3810228684603915e-05
1709,SUGEY,2.3810228684603915e-05
1710,ELEANA,2.3757551187514084e-05
1711,ANAYS,2.3757551187514084e-05
1712,ELIU,2.3704873690424253e-05
1713,XOCHILT,2.3704873690424253e-05
1714,BETSAIDA,2.3704873690424253e-05
1715,SAHILY,2.3652196193334423e-05
1716,RADHAMES,2.359951869624459e-05
1717,REINERIO,2.359951869624459e-05
1718,DELFINO,2.359951869624459e-05
1719,OSBALDO,2.359951869624459e-05
1720,ARIADNE,2.354684119915476e-05
1721,DAHIANA,2.354684119915476e-05
1722,BISMARCK,2.354684119915476e-05
1723,FIDENCIO,2.3494163702064927e-05
1724,ALIANA,2.3494163702064927e-05
1725,JANELLY,2.3494163702064927e-05
1726,LEYANIS,2.3441486204975096e-05
1727,LEOBARDO,2.3441486204975096e-05
1728,FLERIDA,2.3388808707885265e-05
1729,JULIETH,2.3388808707885265e-05
1730,EMMY,2.3388808707885265e-05
1731,CONFESOR,2.333613121079543e-05
1732,SEVERO,2.333613121079543e-05
1733,MAXIMA,2.32834537137056e-05
1734,NERIS,2.32834537137056e-05
1735,GINNA,2.3230776216615766e-05
1736,SULAY,2.3230776216615766e-05
1737,LIS,2.3178098719525936e-05
1738,YURIDIA,2.3178098719525936e-05
1739,DIGNORA,2.3178098719525936e-05
1740,GIPSY,2.3178098719525936e-05
1741,YANIRIS,2.3125421222436105e-05
1742,CARLINA,2.3072743725346278e-05
1743,LISSETH,2.302006622825644e-05
1744,NILZA,2.296738873116661e-05
1745,FIORDALIZA,2.296738873116661e-05
1746,EUCLIDES,2.296738873116661e-05
1747,GADIEL,2.296738873116661e-05
1748,ADIEL,2.291471123407678e-05
1749,EMIR,2.291471123407678e-05
1750,KATIANA,2.291471123407678e-05
1751,ORFELINA,2.291471123407678e-05
1752,ELIAN,2.2862033736986948e-05
1753,ANNABELLA,2.2809356239897117e-05
1754,MELITZA,2.2809356239897117e-05
1755,AGRIPINA,2.2809356239897117e-05
1756,MIROSLAVA,2.2809356239897117e-05
1757,CASIMIRO,2.2756678742807283e-05
1758,MARBELLA,2.270400124571745e-05
1759,SOBEIDA,2.270400124571745e-05
1760,KRISTEL,2.270400124571745e-05
1761,GIOVANY,2.270400124571745e-05
1762,ANNAMARIA,2.2651323748627615e-05
1763,XINIA,2.2598646251537787e-05
1764,MARICELIS,2.254596875444796e-05
1765,EUMELIA,2.254596875444796e-05
1766,LIZBET,2.249329125735813e-05
1767,YINET,2.249329125735813e-05
1768,PALMIRA,2.249329125735813e-05
1769,YAILEN,2.249329125735813e-05
1770,PIERINA,2.244061376026829e-05
1771,NEYSA,2.244061376026829e-05
1772,ELIOT,2.238793626317846e-05
1773,SECUNDINO,2.238793626317846e-05
1774,WIGBERTO,2.238793626317846e-05
1775,JOVANA,2.238793626317846e-05
1776,VICTORINO,2.233525876608863e-05
1777,MARIANGELY,2.233525876608863e-05
1778,LISSA,2.233525876608863e-05
1779,ENGRACIA,2.22825812689988e-05
1780,AYDEE,2.22825812689988e-05
1781,MARGOTH,2.2229903771908965e-05
1782,DAILY,2.2229903771908965e-05
1783,CATARINA,2.2124548777729304e-05
1784,DENYS,2.2124548777729304e-05
1785,DONATO,2.207187128063947e-05
1786,CATERINA,2.207187128063947e-05
1787,NAHIR,2.201919378354964e-05
1788,NEHEMIAS,2.201919378354964e-05
1789,YISSEL,2.1966516286459808e-05
1790,SADY,2.1966516286459808e-05
1791,VINICIO,2.1861161292280143e-05
1792,ERCILIA,2.1861161292280143e-05
1793,JERSON,2.1861161292280143e-05
1794,DENNISSE,2.1861161292280143e-05
1795,HIPOLITA,2.1808483795190312e-05
1796,ADALIZ,2.1808483795190312e-05
1797,ROSINA,2.1808483795190312e-05
1798,JARITZA,2.175580629810048e-05
1799,ANGELIC,2.170312880101065e-05
1800,JENARO,2.170312880101065e-05
1801,YENISEY,2.1650451303920817e-05
1802,JAFET,2.1650451303920817e-05
1803,LEOCADIO,2.1650451303920817e-05
1804,FRANZ,2.1650451303920817e-05
1805,MARLEEN,2.1597773806830983e-05
1806,MIRIELA,2.1597773806830983e-05
1807,MILLY,2.1545096309741155e-05
1808,JAILEEN,2.1545096309741155e-05
1809,IVONE,2.1545096309741155e-05
1810,RAOUL,2.1545096309741155e-05
1811,AZALIA,2.149241881265132e-05
1812,WILMAR,2.149241881265132e-05
1813,DANITZA,2.149241881265132e-05
1814,OSMARA,2.143974131556149e-05
1815,EDUVIGES,2.143974131556149e-05
1816,YAMEL,2.143974131556149e-05
1817,MAGDALENO,2.138706381847166e-05
1818,EDINSON,2.138706381847166e-05
1819,ALCIBIADES,2.133438632138183e-05
1820,YOMAYRA,2.1281708824291995e-05
1821,WALKIRIA,2.1281708824291995e-05
1822,GARDENIA,2.1229031327202164e-05
1823,LESLI,2.1229031327202164e-05
1824,SUJEY,2.1176353830112333e-05
1825,ORIETTA,2.1176353830112333e-05
1826,JANELY,2.1176353830112333e-05
1827,SUHEILY,2.1123676333022503e-05
1828,KLEBER,2.1123676333022503e-05
1829,DILMA,2.107099883593267e-05
1830,DONALDO,2.107099883593267e-05
1831,FRANCYS,2.101832133884284e-05
1832,DIOMEDES,2.101832133884284e-05
1833,GEOVANI,2.0965643841753007e-05
1834,GENNY,2.0965643841753007e-05
1835,ARLIN,2.0965643841753007e-05
1836,MAIRELYS,2.0912966344663173e-05
1837,SALVADORA,2.0912966344663173e-05
1838,YOANNA,2.0912966344663173e-05
1839,YEZENIA,2.0860288847573345e-05
1840,NARDA,2.0860288847573345e-05
1841,GUMERSINDO,2.0860288847573345e-05
1842,JONNY,2.0860288847573345e-05
1843,OMARA,2.080761135048351e-05
1844,SILA,2.075493385339368e-05
1845,TULIA,2.075493385339368e-05
1846,ITZA,2.075493385339368e-05
1847,VIVIANNA,2.075493385339368e-05
1848,KARLOS,2.075493385339368e-05
1849,CRESCENCIO,2.0702256356303846e-05
1850,YENIS,2.0702256356303846e-05
1851,KARYNA,2.0702256356303846e-05
1852,ZACARIAS,2.0702256356303846e-05
1853,ESTUARDO,2.0649578859214016e-05
1854,NIVEA,2.0649578859214016e-05
1855,WILDER,2.0596901362124185e-05
1856,ADYS,2.0544223865034358e-05
1857,ISIDORA,2.0544223865034358e-05
1858,YANELA,2.0544223865034358e-05
1859,SHAIRA,2.049154636794452e-05
1860,SIGIFREDO,2.049154636794452e-05
1861,YASMANI,2.049154636794452e-05
1862,SIMONA,2.043886887085469e-05
1863,JOANNY,2.038619137376486e-05
1864,ALEXIE,2.038619137376486e-05
1865,GLORYMAR,2.038619137376486e-05
1866,LEANA,2.0333513876675024e-05
1867,YRMA,2.0333513876675024e-05
1868,LINET,2.0280836379585197e-05
1869,NOHELIA,2.0280836379585197e-05
1870,SORAIDA,2.0280836379585197e-05
1871,SILVINO,2.0228158882495363e-05
1872,ELIS,2.0228158882495363e-05
1873,VERENICE,2.0228158882495363e-05
1874,ISBEL,2.017548138540553e-05
1875,ROGERIO,2.017548138540553e-05
1876,ARIELA,2.017548138540553e-05
1877,MARIADELOSANGELES,2.0122803888315695e-05
1878,AMADEO,2.0122803888315695e-05
1879,ETELVINA,2.0070126391225867e-05
1880,PLINIO,2.0070126391225867e-05
1881,ESTEPHANIE,2.0070126391225867e-05
1882,NOLVIA,2.001744889413604e-05
1883,ANET,2.001744889413604e-05
1884,YAMIR,2.001744889413604e-05
1885,YLIANA,1.996477139704621e-05
1886,CLARIVEL,1.996477139704621e-05
1887,YAITZA,1.991209389995637e-05
1888,NORGE,1.991209389995637e-05
1889,YOSELYN,1.991209389995637e-05
1890,ALBANIA,1.985941640286654e-05
1891,ZULIMA,1.985941640286654e-05
1892,LEGNA,1.985941640286654e-05
1893,DAYMI,1.985941640286654e-05
1894,WALFRIDO,1.985941640286654e-05
1895,SIRIA,1.980673890577671e-05
1896,ANGELIKA,1.980673890577671e-05
1897,VIVIANE,1.980673890577671e-05
1898,LEOVIGILDO,1.980673890577671e-05
1899,NAYLA,1.980673890577671e-05
1900,FABRIZIO,1.980673890577671e-05
1901,GRETER,1.975406140868688e-05
1902,YARELI,1.975406140868688e-05
1903,IDALIZ,1.975406140868688e-05
1904,YEIMY,1.975406140868688e-05
1905,AURIA,1.975406140868688e-05
1906,MIRYAN,1.9701383911597045e-05
1907,ORFA,1.9701383911597045e-05
1908,WAGNER,1.9701383911597045e-05
1909,JACKELIN,1.9701383911597045e-05
1910,MYNOR,1.9701383911597045e-05
1911,EVARISTA,1.9701383911597045e-05
1912,BASILISA,1.9701383911597045e-05
1913,YUNEISY,1.964870641450721e-05
1914,NELCY,1.964870641450721e-05
1915,ELGA,1.964870641450721e-05
1916,DAIRON,1.964870641450721e-05
1917,NOLBERTO,1.954335142032755e-05
1918,BARTOLOME,1.954335142032755e-05
1919,SUSEL,1.954335142032755e-05
1920,EFIGENIA,1.954335142032755e-05
1921,DIVA,1.954335142032755e-05
1922,GLENDALY,1.949067392323772e-05
1923,SAYDA,1.949067392323772e-05
1924,RICARDA,1.949067392323772e-05
1925,DAYLEN,1.949067392323772e-05
1926,HERMENEGILDO,1.9437996426147888e-05
1927,YAMILEX,1.9437996426147888e-05
1928,LYMARIS,1.9385318929058057e-05
1929,IBETH,1.9385318929058057e-05
1930,NATHALI,1.9385318929058057e-05
1931,AMBROSIO,1.9332641431968223e-05
1932,TEOFILA,1.9332641431968223e-05
1933,ARCADIA,1.9279963934878396e-05
1934,MARIXA,1.9279963934878396e-05
1935,GUISELLE,1.9279963934878396e-05
1936,PRUDENCIO,1.922728643778856e-05
1937,ELIDIA,1.922728643778856e-05
1938,JUANPABLO,1.922728643778856e-05
1939,GIORGIO,1.922728643778856e-05
1940,YISELL,1.922728643778856e-05
1941,HAROLDO,1.922728643778856e-05
1942,YOCASTA,1.9174608940698728e-05
1943,ELIAZAR,1.9121931443608897e-05
1944,ENNA,1.9121931443608897e-05
1945,AUXILIADORA,1.9069253946519063e-05
1946,MAURILIO,1.9069253946519063e-05
1947,ADLIN,1.9016576449429235e-05
1948,ANAYANSI,1.9016576449429235e-05
1949,ELODIA,1.89638989523394e-05
1950,GUILHERME,1.89638989523394e-05
1951,AILEN,1.89638989523394e-05
1952,SAYRA,1.891122145524957e-05
1953,YOVANA,1.891122145524957e-05
1954,TAIMY,1.891122145524957e-05
1955,BETHANIA,1.891122145524957e-05
1956,LISSETE,1.885854395815974e-05
1957,HELIODORO,1.885854395815974e-05
1958,ALEXYS,1.885854395815974e-05
1959,YAUMARA,1.885854395815974e-05
1960,BENIGNA,1.885854395815974e-05
1961,SELENIA,1.880586646106991e-05
1962,REINEL,1.880586646106991e-05
1963,LEISY,1.880586646106991e-05
1964,CAYETANO,1.880586646106991e-05
1965,ISMENIA,1.8753188963980075e-05
1966,LIBRADO,1.8753188963980075e-05
1967,FRANSISCO,1.8753188963980075e-05
1968,ASDRUBAL,1.8753188963980075e-05
1969,KRYSTEN,1.8753188963980075e-05
1970,FELIBERTO,1.8753188963980075e-05
1971,ANAI,1.8753188963980075e-05
1972,AYLEN,1.8753188963980075e-05
1973,AQUILINO,1.8700511466890244e-05
1974,MILEYDIS,1.8700511466890244e-05
1975,GLENDALIZ,1.8700511466890244e-05
1976,LUZMARINA,1.8700511466890244e-05
1977,ALEXEY,1.8700511466890244e-05
1978,ALIS,1.8700511466890244e-05
1979,JOMARIE,1.8647833969800413e-05
1980,GRISSELLE,1.8647833969800413e-05
1981,CRUCITA,1.859515647271058e-05
1982,JANNETT,1.854247897562075e-05
1983,GLENIS,1.854247897562075e-05
1984,ZOILO,1.854247897562075e-05
1985,YANCY,1.854247897562075e-05
1986,GRACIELLA,1.848980147853092e-05
1987,ALIETTE,1.848980147853092e-05
1988,CRISTIANE,1.848980147853092e-05
1989,LYSETTE,1.8437123981441087e-05
1990,ROSANGEL,1.8437123981441087e-05
1991,JANCARLOS,1.8437123981441087e-05
1992,SERGIA,1.8437123981441087e-05
1993,YANETT,1.8437123981441087e-05
1994,NAOMY,1.8437123981441087e-05
1995,YOMAR,1.8384446484351253e-05
1996,ACELIA,1.8384446484351253e-05
1997,SIGRID,1.8384446484351253e-05
1998,INGRIS,1.8331768987261426e-05
1999,MARILY,1.8331768987261426e-05
